{"cameraMode":{"drawMode":0,"name":"Shaded","section":"Shading Mode"},"sceneLighting":true,"audioPlay":false,"sceneViewState":{"showFog":true,"showMaterialUpdate":false,"showSkybox":true,"showFlares":true,"showImageEffects":true,"showParticleSystems":true},"in2DMode":false,"pivot":{"x":0.0,"y":2.669999837875366,"z":0.10000002384185791},"rotation":{"x":-0.1553695648908615,"y":0.0017749358667060733,"z":-0.00027671290445141494,"w":-0.9878690242767334},"size":404.9444580078125,"orthographic":true}